"FID","Shape *","MoreInfo","WDID","StructType","StructName","UTMX","UTMY","ID","NAME","Comment","New_Locati","MERGE_SRC","avg_tot_impact","abs_impact","sign"
0,"Point","https://dwr.state.co.us/Tools/Structures/3800506",3800506,"Ditch","ALVIN SLOSS DITCH",338326,4360047,"38_ADC035","FRYING PAN RIVER    _DIV","Aggregate node, selected single node",3800506,"Missing from Colorado",NA,NA,NA
1,"Point","https://dwr.state.co.us/Tools/Structures/3800522",3800522,"Ditch","BANE & THOMAS DITCH",309337,4353356,"38_ADC038","CRYSTAL CREEK       _DIV","Aggregate node, selected single node",3800522,"Missing from Colorado",NA,NA,NA
2,"Point","https://dwr.state.co.us/Tools/Structures/3800555",3800555,"Ditch","BRYANT DITCH",320424.9,4356677.9,"38_ADC036","WEST SOPRIS CREEK   _DIV","Aggregate node, selected single node",3800555,"Missing from Colorado",NA,NA,NA
3,"Point","https://dwr.state.co.us/Tools/Structures/3800813",3800813,"Ditch","LAST CHANCE DITCH",333166,4352794,"38_ADC033","UPPER ROARING FORK  _DIV","Aggregate node, selected single node",3800813,"Missing from Colorado",NA,NA,NA
4,"Point","https://dwr.state.co.us/Tools/Structures/3800845",3800845,"Ditch","LYNCH DITCH",300127,4363912,"38_ADC040","LOWER ROARING FORK  _DIV","Aggregate node, selected single node",3800845,"Missing from Colorado",NA,NA,NA
5,"Point","https://dwr.state.co.us/Tools/Structures/3800860",3800860,"Ditch","MASON DITCH",306830,4369176,"38_ADC039","CATTLE CREEK        _DIV","Aggregate node, selected single node",3800860,"Missing from Colorado",NA,NA,NA
6,"Point","https://dwr.state.co.us/Tools/Structures/3800868",3800868,"Ditch","MIDDLE DITCH",315720,4363735,"38_ADC037","ROARING FK ABV CRYST_DIV","Aggregate node, selected single node",3800868,"Missing from Colorado",NA,NA,NA
7,"Point","https://dwr.state.co.us/Tools/Structures/3800880",3800880,"Ditch","MOUNT SOPRIS DITCH",317902,4351995,"3800880_D","MOUNT SOPRIS DITCH  _DIV","Diversion system",3800880,"Missing from Colorado",NA,NA,NA
8,"Point","https://dwr.state.co.us/Tools/Structures/3801096",3801096,"Ditch","WILLIAMS NO 2 DITCH",327540,4351681,"3801096_D","WILLIAMS NO 2 DITCH _DIV","Diversion system",3801096,"Missing from Colorado",NA,NA,NA
9,"Point","https://dwr.state.co.us/Tools/Structures/3804625",3804625,"Pipeline","FRY ARK PR BOUSTEAD TUNNEL",367923,4345014,"3804625SU","BOUSTEAD SUMMARY    _DIV","Diversion system",3804625,"Missing from Colorado",NA,NA,NA
10,"Point","https://dwr.state.co.us/Tools/Structures/3806993",3806993,"Well","GATEWAY MESA WELL NO 3",329099,4353687,"38_ADC034","SNOWMASS CREEK      _DIV","Aggregate node, selected single node",3806993,"Missing from Colorado",NA,NA,NA
11,"Point","https://dwr.state.co.us/Tools/Structures/3800516",3800516,"Ditch","ATKINSON DITCH",300050,4370665,"3800516","ATKINSON DITCH","3800516",0,"Roaring Fork Structures\Nodes upstream of Glenwood gage",208.334297435897,208.334297435897,1
12,"Point","https://dwr.state.co.us/Tools/Structures/3800528",3800528,"Ditch","BASIN DITCH",317462,4363290,"3800528","BASIN DITCH","3800528",0,"Roaring Fork Structures\Nodes upstream of Glenwood gage",677.107028205128,677.107028205128,1
13,"Point","https://dwr.state.co.us/Tools/Structures/3800545",3800545,"Ditch","BORAM AND WHITE DITCH",326230,4350203.4,"3800545","BORAM AND WHITE DITCH","3800545",0,"Roaring Fork Structures\Nodes upstream of Glenwood gage",388.735853846154,388.735853846154,1
14,"Point","https://dwr.state.co.us/Tools/Structures/3800547",3800547,"Ditch","BOWLES AND HOLLAND DITCH",310232,4359837,"3800547","BOWLES AND HOLLAND DITCH","3800547",0,"Roaring Fork Structures\Nodes upstream of Glenwood gage",205.867964102564,205.867964102564,1
15,"Point","https://dwr.state.co.us/Tools/Structures/3800569",3800569,"Ditch","C AND M DITCH",318496,4370258,"3800569","C AND M DITCH","3800569",0,"Roaring Fork Structures\Nodes upstream of Glenwood gage",1272.73118205128,1272.73118205128,1
16,"Point","https://dwr.state.co.us/Tools/Structures/3800572",3800572,"Ditch","CAPITOL FALLS DITCH",319819,4343901,"3800572","CAPITOL FALLS DITCH","3800572",0,"Roaring Fork Structures\Nodes upstream of Glenwood gage",324.500323076923,324.500323076923,1
17,"Point","https://dwr.state.co.us/Tools/Structures/3800573",3800573,"Ditch","CAPITOL PARK DITCH",325036,4348178,"3800573","CAPITOL PARK DITCH","3800573",0,"Roaring Fork Structures\Nodes upstream of Glenwood gage",190.783371794872,190.783371794872,1
18,"Point","https://dwr.state.co.us/Tools/Structures/3800574",3800574,"Ditch","CARBONDALE DITCH",310343,4360715,"3800574","CARBONDALE DITCH","3800574",0,"Roaring Fork Structures\Nodes upstream of Glenwood gage",35.7968512820513,35.7968512820513,1
19,"Point","https://dwr.state.co.us/Tools/Structures/3800606",3800606,"Ditch","COLLINS CREEK DITCH",340469.6,4346836.4,"3800606","COLLINS CREEK DITCH","3800606",0,"Roaring Fork Structures\Nodes upstream of Glenwood gage",163.702482051282,163.702482051282,1
20,"Point","https://dwr.state.co.us/Tools/Structures/3800618",3800618,"Ditch","CRANE AND PEEBLES DITCH",308986,4365150,"3800618","CRANE AND PEEBLES DITCH","3800618",0,"Roaring Fork Structures\Nodes upstream of Glenwood gage",122.64981025641,122.64981025641,1
21,"Point","https://dwr.state.co.us/Tools/Structures/3800639",3800639,"Ditch","DESERT DITCH",324238,4345990,"3800639","DESERT DITCH","3800639",0,"Roaring Fork Structures\Nodes upstream of Glenwood gage",428.24071025641,428.24071025641,1
22,"Point","https://dwr.state.co.us/Tools/Structures/3800651",3800651,"Ditch","EAST MESA DITCH",308941,4351737,"3800651","EAST MESA DITCH","3800651",0,"Roaring Fork Structures\Nodes upstream of Glenwood gage",560.735925641026,560.735925641026,1
23,"Point","https://dwr.state.co.us/Tools/Structures/3800659",3800659,"Ditch","ELI CERISE DITCH",335259,4350796,"3800659","ELI CERISE DITCH","3800659",0,"Roaring Fork Structures\Nodes upstream of Glenwood gage",94.9080717948718,94.9080717948718,1
24,"Point","https://dwr.state.co.us/Tools/Structures/3800660",3800660,"Ditch","ELK CREEK DITCH",325786,4343723,"3800660","ELK CREEK DITCH","3800660",0,"Roaring Fork Structures\Nodes upstream of Glenwood gage",192.529687179487,192.529687179487,1
25,"Point","https://dwr.state.co.us/Tools/Structures/3800663",3800663,"Ditch","ELLA DITCH",309728,4356811,"3800663","ELLA DITCH","3800663",0,"Roaring Fork Structures\Nodes upstream of Glenwood gage",268.943728205128,268.943728205128,1
26,"Point","https://dwr.state.co.us/Tools/Structures/3800667",3800667,"Ditch","EUREKA NO 1 DITCH",321646,4370810,"3800667","EUREKA NO 1 DITCH","3800667",0,"Roaring Fork Structures\Nodes upstream of Glenwood gage",354.235146153846,354.235146153846,1
27,"Point","https://dwr.state.co.us/Tools/Structures/3800688",3800688,"Ditch","FOUR MILE DITCH",300703,4372630,"3800688","FOUR MILE DITCH","3800688",0,"Roaring Fork Structures\Nodes upstream of Glenwood gage",154.182892307692,154.182892307692,1
28,"Point","https://dwr.state.co.us/Tools/Structures/3800712",3800712,"Ditch","GLENWOOD DITCH",307808,4365505,"3800712","GLENWOOD DITCH","3800712",0,"Roaring Fork Structures\Nodes upstream of Glenwood gage",392.913730769231,392.913730769231,1
29,"Point","https://dwr.state.co.us/Tools/Structures/3800715",3800715,"Ditch","GRACE AND SHEHI DITCH",326507,4357153,"3800715","GRACE AND SHEHI DITCH","3800715",0,"Roaring Fork Structures\Nodes upstream of Glenwood gage",406.050594871795,406.050594871795,1
30,"Point","https://dwr.state.co.us/Tools/Structures/3800720",3800720,"Ditch","GREEN MEADOW DITCH",324213,4346017,"3800720","GREEN MEADOW DITCH","3800720",0,"Roaring Fork Structures\Nodes upstream of Glenwood gage",1048.39781282051,1048.39781282051,1
31,"Point","https://dwr.state.co.us/Tools/Structures/3800740",3800740,"Ditch","HARRIS & REED DITCH",320440,4360458,"3800740","HARRIS & REED DITCH","3800740",0,"Roaring Fork Structures\Nodes upstream of Glenwood gage",207.545171794872,207.545171794872,1
32,"Point","https://dwr.state.co.us/Tools/Structures/3800749",3800749,"Ditch","HERRICK DITCH",336272,4334312,"3800749","HERRICK DITCH","3800749",0,"Roaring Fork Structures\Nodes upstream of Glenwood gage",145.163905128205,145.163905128205,1
33,"Point","https://dwr.state.co.us/Tools/Structures/3800755",3800755,"Ditch","HOLDEN DITCH",341456,4338939,"3800755","HOLDEN DITCH","3800755",0,"Roaring Fork Structures\Nodes upstream of Glenwood gage",168.490933333333,168.490933333333,1
34,"Point","https://dwr.state.co.us/Tools/Structures/3800757",3800757,"Ditch","HOME SUPPLY DITCH",325400,4358375,"3800757","HOME SUPPLY DITCH","3800757",0,"Roaring Fork Structures\Nodes upstream of Glenwood gage",2018.84261794872,2018.84261794872,1
35,"Point","https://dwr.state.co.us/Tools/Structures/3800798",3800798,"Ditch","KELSO DITCH",312311,4364603,"3800798","KELSO DITCH","3800798",0,"Roaring Fork Structures\Nodes upstream of Glenwood gage",117.654666666667,117.654666666667,1
36,"Point","https://dwr.state.co.us/Tools/Structures/3800800",3800800,"Ditch","KESTER DITCH",328431,4355804,"3800800","KESTER DITCH","3800800",0,"Roaring Fork Structures\Nodes upstream of Glenwood gage",237.711625641026,237.711625641026,1
37,"Point","https://dwr.state.co.us/Tools/Structures/3800822",3800822,"Ditch","LIGNITE DITCH",301515,4365972,"3800822","LIGNITE DITCH","3800822",0,"Roaring Fork Structures\Nodes upstream of Glenwood gage",130.442994871795,130.442994871795,1
38,"Point","https://dwr.state.co.us/Tools/Structures/3800838",3800838,"Ditch","LOWER DITCH",315184,4363446,"3800838","LOWER DITCH","3800838",0,"Roaring Fork Structures\Nodes upstream of Glenwood gage",89.4758230769231,89.4758230769231,1
39,"Point","https://dwr.state.co.us/Tools/Structures/3800840",3800840,"Ditch","LOWLINE DITCH",309583,4355324,"3800840","LOWLINE DITCH","3800840",0,"Roaring Fork Structures\Nodes upstream of Glenwood gage",412.119164102564,412.119164102564,1
40,"Point","https://dwr.state.co.us/Tools/Structures/3800854",3800854,"Ditch","MAROON DITCH",337521,4336637,"3800854","MAROON DITCH","3800854",0,"Roaring Fork Structures\Nodes upstream of Glenwood gage",0,0,0
41,"Point","https://dwr.state.co.us/Tools/Structures/3800861",3800861,"Ditch","MAURIN DITCH",324602,4347695,"3800861","MAURIN DITCH","3800861",0,"Roaring Fork Structures\Nodes upstream of Glenwood gage",432.659751282051,432.659751282051,1
42,"Point","https://dwr.state.co.us/Tools/Structures/3800869",3800869,"Ditch","MIDLAND FLUME DITCH",340419,4336370,"3800869","MIDLAND FLUME DITCH","3800869",0,"Roaring Fork Structures\Nodes upstream of Glenwood gage",0,0,0
43,"Point","https://dwr.state.co.us/Tools/Structures/3800879",3800879,"Ditch","MONARCH DITCH",322081,4370922,"3800879","MONARCH DITCH","3800879",0,"Roaring Fork Structures\Nodes upstream of Glenwood gage",418.009258974359,418.009258974359,1
44,"Point","https://dwr.state.co.us/Tools/Structures/3800881",3800881,"Ditch","MOUNTAIN MEADOWS DITCH",322569,4370644,"3800881","MOUNTAIN MEADOWS DITCH","3800881",0,"Roaring Fork Structures\Nodes upstream of Glenwood gage",307.207607692308,307.207607692308,1
45,"Point","https://dwr.state.co.us/Tools/Structures/3800890",3800890,"Ditch","MCKENZIE WILDCAT DITCH",328469,4340643,"3800890","MCKENZIE WILDCAT DITCH","3800890",0,"Roaring Fork Structures\Nodes upstream of Glenwood gage",358.192264102564,358.192264102564,1
46,"Point","https://dwr.state.co.us/Tools/Structures/3800893",3800893,"Ditch","MCKOWN DITCH",300643,4364123,"3800893","MCKOWN DITCH","3800893",0,"Roaring Fork Structures\Nodes upstream of Glenwood gage",818.143376923077,818.143376923077,1
47,"Point","https://dwr.state.co.us/Tools/Structures/3800902",3800902,"Ditch","NEEDHAM DITCH",319279,4369936,"3800902","NEEDHAM DITCH","3800902",0,"Roaring Fork Structures\Nodes upstream of Glenwood gage",1426.23742051282,1426.23742051282,1
48,"Point","https://dwr.state.co.us/Tools/Structures/3800920",3800920,"Ditch","OXFORD NO 1 DITCH",310417.4,4364084.5,"3800920","OXFORD NO 1 DITCH","3800920",0,"Roaring Fork Structures\Nodes upstream of Glenwood gage",197.587415384615,197.587415384615,1
49,"Point","https://dwr.state.co.us/Tools/Structures/3800924",3800924,"Ditch","PARADISE DITCH",341396,4346490,"3800924","PARADISE DITCH","3800924",0,"Roaring Fork Structures\Nodes upstream of Glenwood gage",132.314817948718,132.314817948718,1
50,"Point","https://dwr.state.co.us/Tools/Structures/3800925",3800925,"Ditch","PARK DITCH",314427,4370229,"3800925","PARK DITCH","3800925",0,"Roaring Fork Structures\Nodes upstream of Glenwood gage",642.211364102564,642.211364102564,1
51,"Point","https://dwr.state.co.us/Tools/Structures/3800930",3800930,"Ditch","PATERSON D JACOB EXT",313874,4363635,"3800930","PATERSON D JACOB EXT","3800930",0,"Roaring Fork Structures\Nodes upstream of Glenwood gage",91.9227923076923,91.9227923076923,1
52,"Point","https://dwr.state.co.us/Tools/Structures/3800939",3800939,"Ditch","PIONEER DITCH",308756,4355946,"3800939","PIONEER DITCH","3800939",0,"Roaring Fork Structures\Nodes upstream of Glenwood gage",171.695933333333,171.695933333333,1
53,"Point","https://dwr.state.co.us/Tools/Structures/3800959",3800959,"Ditch","RED ROCK BLUFF DITCH",329015,4354456,"3800959","RED ROCK BLUFF DITCH","3800959",0,"Roaring Fork Structures\Nodes upstream of Glenwood gage",255.095402564103,255.095402564103,1
54,"Point","https://dwr.state.co.us/Tools/Structures/3800966",3800966,"Ditch","ROBERTSON DITCH",305281,4368648,"3800966","ROBERTSON DITCH","3800966",0,"Roaring Fork Structures\Nodes upstream of Glenwood gage",62.2259230769231,62.2259230769231,1
55,"Point","https://dwr.state.co.us/Tools/Structures/3800968",3800968,"Ditch","ROBINSON DITCH",321622,4359863,"3800968","ROBINSON DITCH","3800968",0,"Roaring Fork Structures\Nodes upstream of Glenwood gage",358.691712820513,358.691712820513,1
56,"Point","https://dwr.state.co.us/Tools/Structures/3800970",3800970,"Ditch","ROCKFORD DITCH",310291,4360024,"3800970","ROCKFORD DITCH","3800970",0,"Roaring Fork Structures\Nodes upstream of Glenwood gage",286.116794871795,286.116794871795,1
57,"Point","https://dwr.state.co.us/Tools/Structures/3800981",3800981,"Ditch","SALVATION DITCH",344305,4338366,"3800981","SALVATION DITCH","3800981",0,"Roaring Fork Structures\Nodes upstream of Glenwood gage",689.743941025641,689.743941025641,1
58,"Point","https://dwr.state.co.us/Tools/Structures/3800989",3800989,"Ditch","SHIPPEE DITCH",321138.1,4356932.1,"3800989","SHIPPEE DITCH","3800989",0,"Roaring Fork Structures\Nodes upstream of Glenwood gage",177.256546153846,177.256546153846,1
59,"Point","https://dwr.state.co.us/Tools/Structures/3800994",3800994,"Ditch","SLOSS DITCH",317707,4353433.4,"3800994","SLOSS DITCH","3800994",0,"Roaring Fork Structures\Nodes upstream of Glenwood gage",476.762869230769,476.762869230769,1
60,"Point","https://dwr.state.co.us/Tools/Structures/3800996",3800996,"Ditch","SLOUGH D AND BANNING LAT",314095,4363448,"3800996","SLOUGH D AND BANNING LAT","3800996",0,"Roaring Fork Structures\Nodes upstream of Glenwood gage",440.109476923077,440.109476923077,1
61,"Point","https://dwr.state.co.us/Tools/Structures/3801012",3801012,"Ditch","SNOWMASS DIVIDE DITCH",331088,4348741,"3801012","SNOWMASS DIVIDE DITCH","3801012",0,"Roaring Fork Structures\Nodes upstream of Glenwood gage",543.192705128205,543.192705128205,1
62,"Point","https://dwr.state.co.us/Tools/Structures/3801018",3801018,"Ditch","SOUTHARD AND CAVANAUGH D",308145,4364158,"3801018","SOUTHARD AND CAVANAUGH D","3801018",0,"Roaring Fork Structures\Nodes upstream of Glenwood gage",61.8195435897436,61.8195435897436,1
63,"Point","https://dwr.state.co.us/Tools/Structures/3801038",3801038,"Ditch","SWEET JESSUP CANAL",308048,4349399,"3801038","SWEET JESSUP CANAL","3801038",0,"Roaring Fork Structures\Nodes upstream of Glenwood gage",2492.54055384615,2492.54055384615,1
64,"Point","https://dwr.state.co.us/Tools/Structures/3801052",3801052,"Pipeline","CARBONDALE WTR SYS & PL",310046,4351460,"3801052","CARBONDALE WTR SYS & PL","3801052",0,"Roaring Fork Structures\Nodes upstream of Glenwood gage",0,0,0
65,"Point","https://dwr.state.co.us/Tools/Structures/3801062",3801062,"Ditch","UNION DITCH",314455,4363356,"3801062","UNION DITCH","3801062",0,"Roaring Fork Structures\Nodes upstream of Glenwood gage",355.721330769231,355.721330769231,1
66,"Point","https://dwr.state.co.us/Tools/Structures/3801066",3801066,"Ditch","VAN CLEVE NO 1 DITCH",307696,4373704,"3801066","VAN CLEVE NO 1 DITCH","3801066",0,"Roaring Fork Structures\Nodes upstream of Glenwood gage",294.987551282051,294.987551282051,1
67,"Point","https://dwr.state.co.us/Tools/Structures/3801073",3801073,"Ditch","WACO DITCH",338391,4348853,"3801073","WACO DITCH","3801073",0,"Roaring Fork Structures\Nodes upstream of Glenwood gage",525.029551282051,525.029551282051,1
68,"Point","https://dwr.state.co.us/Tools/Structures/3801078",3801078,"Ditch","WALKER WONDER DITCH",331089,4348929,"3801078","WALKER WONDER DITCH","3801078",0,"Roaring Fork Structures\Nodes upstream of Glenwood gage",194.151364102564,194.151364102564,1
69,"Point","https://dwr.state.co.us/Tools/Structures/3801082",3801082,"Ditch","WEAVER AND LEONHARDY D",309943,4361819,"3801082","WEAVER AND LEONHARDY D","3801082",0,"Roaring Fork Structures\Nodes upstream of Glenwood gage",33.9885384615385,33.9885384615385,1
70,"Point","https://dwr.state.co.us/Tools/Structures/3801101",3801101,"Ditch","WILLOW CREEK DITCH",337491,4337041,"3801101","WILLOW CREEK DITCH","3801101",0,"Roaring Fork Structures\Nodes upstream of Glenwood gage",222.613041025641,222.613041025641,1
71,"Point","https://dwr.state.co.us/Tools/Structures/3801104",3801104,"Ditch","WILLOW AND OWL DITCH",332362,4336855,"3801104","WILLOW AND OWL DITCH","3801104",0,"Roaring Fork Structures\Nodes upstream of Glenwood gage",349.847774358974,349.847774358974,1
72,"Point","https://dwr.state.co.us/Tools/Structures/3801121",3801121,"Ditch","ALEXIS ARBANEY DITCH",328853,4355194,"3801121","ALEXIS ARBANEY DITCH","3801121",0,"Roaring Fork Structures\Nodes upstream of Glenwood gage",39.5338102564103,39.5338102564103,1
73,"Point","https://dwr.state.co.us/Tools/Structures/3801132",3801132,"Ditch","WALTHEN DITCH",337384,4349205,"3801132","WALTHEN DITCH","3801132",0,"Roaring Fork Structures\Nodes upstream of Glenwood gage",62.6076666666667,62.6076666666667,1
74,"Point","https://dwr.state.co.us/Tools/Structures/3801147",3801147,"Ditch","KAISER AND SIEVERS DITCH",308036,4363682,"3801147","KAISER AND SIEVERS DITCH","3801147",0,"Roaring Fork Structures\Nodes upstream of Glenwood gage",189.256512820513,189.256512820513,1
75,"Point","https://dwr.state.co.us/Tools/Structures/3801418",3801418,"Other","ASPEN WHITEWATER COURSE",343210,4339643,"3801418","ASPEN WHITEWATER COURSE","3801418",0,"Roaring Fork Structures\Nodes upstream of Glenwood gage",NA,NA,NA
76,"Point","https://dwr.state.co.us/Tools/Structures/3801441",3801441,"Pipeline","EAST SNOWMASS BRUSH C PL",328521,4339682,"3801441","EAST SNOWMASS BRUSH C PL","3801441",0,"Roaring Fork Structures\Nodes upstream of Glenwood gage",0,0,0
77,"Point","https://dwr.state.co.us/Tools/Structures/3801481",3801481,"Ditch","VAN CLEVE-FISHER FDR D",314251,4374758,"3801481","VAN CLEVE-FISHER FDR D","3801481",0,"Roaring Fork Structures\Nodes upstream of Glenwood gage",421.807658974359,421.807658974359,1
78,"Point","https://dwr.state.co.us/Tools/Structures/3801594",3801594,"Other","FRY ARK PR HUNTER TUNNEL",354987,4341126,"3801594","FRY ARK PR HUNTER TUNNEL","3801594",0,"Roaring Fork Structures\Nodes upstream of Glenwood gage",NA,NA,NA
79,"Point","https://dwr.state.co.us/Tools/Structures/3801661",3801661,"Ditch","SALVATION DITCH VAGN EXT",341612,4346427,"3801661","SALVATION DITCH VAGN EXT","3801661",0,"Roaring Fork Structures\Nodes upstream of Glenwood gage",855.935135897436,855.935135897436,1
80,"Point","https://dwr.state.co.us/Tools/Structures/3801790",3801790,"Ditch","RED MOUNTAIN EXT DITCH",344596,4341059,"3801790","RED MOUNTAIN EXT DITCH","3801790",0,"Roaring Fork Structures\Nodes upstream of Glenwood gage",621.148879487179,621.148879487179,1
81,"Point","https://dwr.state.co.us/Tools/Structures/3802000",3802000,"Minimum Flow","MIN FLOW HUNTER CR LOWER",342778,4340152,"3802000","MIN FLOW HUNTER CR LOWER","3802000",0,"Roaring Fork Structures\Nodes upstream of Glenwood gage",NA,NA,NA
82,"Point","https://dwr.state.co.us/Tools/Structures/3802013",3802013,"Minimum Flow","MIN FLOW CAPITOL CREEK",329229,4353211,"3802013","MIN FLOW CAPITOL CREEK","3802013",0,"Roaring Fork Structures\Nodes upstream of Glenwood gage",NA,NA,NA
83,"Point","https://dwr.state.co.us/Tools/Structures/3802015",3802015,"Minimum Flow","MIN FLOW CASTLE CREEK",341727,4341121,"3802015","MIN FLOW CASTLE CREEK","3802015",0,"Roaring Fork Structures\Nodes upstream of Glenwood gage",NA,NA,NA
84,"Point","https://dwr.state.co.us/Tools/Structures/3802020",3802020,"Minimum Flow","MIN FLOW FRYINGPAN R MID",355895,4356309,"3802020","MIN FLOW FRYINGPAN R MID","3802020",0,"Roaring Fork Structures\Nodes upstream of Glenwood gage",NA,NA,NA
85,"Point","https://dwr.state.co.us/Tools/Structures/3802027",3802027,"Reach","MIN FLOW MAROON CREEK",334438,4330443,"3802027","MIN FLOW MAROON CREEK","3802027",0,"Roaring Fork Structures\Nodes upstream of Glenwood gage",NA,NA,NA
86,"Point","https://dwr.state.co.us/Tools/Structures/3802039",3802039,"Minimum Flow","MIN FLOW ROARING FORK 2",353295,4331235,"3802039","MIN FLOW ROARING FORK 2","3802039",0,"Roaring Fork Structures\Nodes upstream of Glenwood gage",NA,NA,NA
87,"Point","https://dwr.state.co.us/Tools/Structures/3802040",3802040,"Minimum Flow","MIN FLOW SNOWMASS CR LWR",328836,4355483,"3802040","MIN FLOW SNOWMASS CR LWR","3802040",0,"Roaring Fork Structures\Nodes upstream of Glenwood gage",NA,NA,NA
88,"Point","https://dwr.state.co.us/Tools/Structures/3802041",3802041,"Minimum Flow","MIN FLOW SOPRIS CREEK",321998,4359667,"3802041","MIN FLOW SOPRIS CREEK","3802041",0,"Roaring Fork Structures\Nodes upstream of Glenwood gage",NA,NA,NA
89,"Point","https://dwr.state.co.us/Tools/Structures/3802044",3802044,"Minimum Flow","MIN FLOW FRYINGPAN R UP",360164,4351942,"3802044","MIN FLOW FRYINGPAN R UP","3802044",0,"Roaring Fork Structures\Nodes upstream of Glenwood gage",NA,NA,NA
90,"Point","https://dwr.state.co.us/Tools/Structures/3802048",3802048,"Minimum Flow","MIN FLOW WOODY CREEK",336852,4349225,"3802048","MIN FLOW WOODY CREEK","3802048",0,"Roaring Fork Structures\Nodes upstream of Glenwood gage",NA,NA,NA
91,"Point","https://dwr.state.co.us/Tools/Structures/3802050",3802050,"Minimum Flow","MIN FLOW ROARING FORK 1",353329,4331227,"3802050","MIN FLOW ROARING FORK 1","3802050",0,"Roaring Fork Structures\Nodes upstream of Glenwood gage",NA,NA,NA
92,"Point","https://dwr.state.co.us/Tools/Structures/3802077",3802077,"Minimum Flow","MIN FLOW FRYINGPAN R LOW",324770,4359451,"3802077","MIN FLOW FRYINGPAN R LOW","3802077",0,"Roaring Fork Structures\Nodes upstream of Glenwood gage",NA,NA,NA
93,"Point","https://dwr.state.co.us/Tools/Structures/3802080",3802080,"Minimum Flow","MIN FLOW CATTLE CREEK",329160,4368101,"3802080","MIN FLOW CATTLE CREEK","3802080",0,"Roaring Fork Structures\Nodes upstream of Glenwood gage",NA,NA,NA
94,"Point","https://dwr.state.co.us/Tools/Structures/3802111",3802111,"Minimum Flow","MIN FLOW ROARING FORK 4",340256,4342254,"3802111","MIN FLOW ROARING FORK 4","3802111",0,"Roaring Fork Structures\Nodes upstream of Glenwood gage",NA,NA,NA
95,"Point","https://dwr.state.co.us/Tools/Structures/3802112",3802112,"Minimum Flow","MIN FLOW ROARING FORK 5",324736,4359441,"3802112","MIN FLOW ROARING FORK 5","3802112",0,"Roaring Fork Structures\Nodes upstream of Glenwood gage",NA,NA,NA
96,"Point","https://dwr.state.co.us/Tools/Structures/3802114",3802114,"Minimum Flow","MIN FLOW CRYSTAL R LOWER",307510.6,4365667.7,"3802114","MIN FLOW CRYSTAL R LOWER","3802114",0,"Roaring Fork Structures\Nodes upstream of Glenwood gage",NA,NA,NA
97,"Point","https://dwr.state.co.us/Tools/Structures/3803713",3803713,"Reservoir","RUEDI RESERVOIR",343320.1,4358714.5,"3803713","RUEDI RESERVOIR","3803713",0,"Roaring Fork Structures\Nodes upstream of Glenwood gage",29471.5726923077,29471.5726923077,1
98,"Point","https://dwr.state.co.us/Tools/Structures/3804613",3804613,"Ditch","IVANHOE RESERVOIR TUNNEL",370644,4347215,"3804613","IVANHOE RESERVOIR TUNNEL","3804613",0,"Roaring Fork Structures\Nodes upstream of Glenwood gage",4817.32613589744,4817.32613589744,1
99,"Point","https://dwr.state.co.us/Tools/Structures/3804617",3804617,"Other","IND P TM DVR TUNNEL NO 1",360451,4326771,"3804617","IND P TM DVR TUNNEL NO 1","3804617",0,"Roaring Fork Structures\Nodes upstream of Glenwood gage",NA,NA,NA
100,"Point","https://dwr.state.co.us/Tools/Structures/3804625",3804625,"Pipeline","FRY ARK PR BOUSTEAD TUNNEL",367923,4345014,"3804625","FRY ARK PR BOUSTEAD TUNNEL","3804625",0,"Roaring Fork Structures\Nodes upstream of Glenwood gage",0,0,0
101,"Point","https://dwr.state.co.us/Tools/Structures/3804717",3804717,"Ditch","WEST THREE MILE DITCH",295827,4367696,"3804717","WEST THREE MILE DITCH","3804717",0,"Roaring Fork Structures\Nodes upstream of Glenwood gage",0,0,0
102,"Point","https://dwr.state.co.us/Tools/Structures/3802027",3802027,"Reach","MIN FLOW MAROON CREEK",340235,4342233,"3802027","MIN FLOW MAROON CREEK","3802027",0,"Roaring Fork Structures\Nodes upstream of Glenwood gage",NA,NA,NA
103,"Point","https://dwr.state.co.us/Tools/Structures/3802111",3802111,"Minimum Flow","MIN FLOW ROARING FORK 4",324736,4359441,"3802111","MIN FLOW ROARING FORK 4","3802111",0,"Roaring Fork Structures\Nodes upstream of Glenwood gage",NA,NA,NA
104,"Point","https://dwr.state.co.us/Tools/Structures/3802112",3802112,"Minimum Flow","MIN FLOW ROARING FORK 5",307495,4365689,"3802112","MIN FLOW ROARING FORK 5","3802112",0,"Roaring Fork Structures\Nodes upstream of Glenwood gage",NA,NA,NA
105,"Point","https://dwr.state.co.us/Tools/Structures/3802049",3802049,"Minimum Flow","MIN FLOW ROARING FORK 3",346151,4334429,"3802049","MIN FLOW ROARING FORK 3","3802049",0,"Roaring Fork Structures\Nodes upstream of Glenwood gage",NA,NA,NA
106,"Point","https://dwr.state.co.us/Tools/Structures/3802049",3802049,"Minimum Flow","MIN FLOW ROARING FORK 3",340267,4342232,"3802049","MIN FLOW ROARING FORK 3","3802049",0,"Roaring Fork Structures\Nodes upstream of Glenwood gage",NA,NA,NA
107,"Point","https://dwr.state.co.us/Tools/Structures/3802000",3802000,"Minimum Flow","MIN FLOW HUNTER CR LOWER",351500,4339959,"3802000","MIN FLOW HUNTER CR LOWER","3802000",0,"Roaring Fork Structures\Nodes upstream of Glenwood gage",NA,NA,NA
108,"Point","https://dwr.state.co.us/Tools/Structures/3802015",3802015,"Minimum Flow","MIN FLOW CASTLE CREEK",340276,4318495,"3802015","MIN FLOW CASTLE CREEK","3802015",0,"Roaring Fork Structures\Nodes upstream of Glenwood gage",NA,NA,NA
109,"Point","https://dwr.state.co.us/Tools/Structures/3802020",3802020,"Minimum Flow","MIN FLOW FRYINGPAN R MID",350206,4358328,"3802020","MIN FLOW FRYINGPAN R MID","3802020",0,"Roaring Fork Structures\Nodes upstream of Glenwood gage",NA,NA,NA
110,"Point","https://dwr.state.co.us/Tools/Structures/3802040",3802040,"Minimum Flow","MIN FLOW SNOWMASS CR LWR",329219,4353215,"3802040","MIN FLOW SNOWMASS CR LWR","3802040",0,"Roaring Fork Structures\Nodes upstream of Glenwood gage",NA,NA,NA
111,"Point","https://dwr.state.co.us/Tools/Structures/3802041",3802041,"Minimum Flow","MIN FLOW SOPRIS CREEK",322526,4357623,"3802041","MIN FLOW SOPRIS CREEK","3802041",0,"Roaring Fork Structures\Nodes upstream of Glenwood gage",NA,NA,NA
112,"Point","https://dwr.state.co.us/Tools/Structures/3802044",3802044,"Minimum Flow","MIN FLOW FRYINGPAN R UP",367864,4345090,"3802044","MIN FLOW FRYINGPAN R UP","3802044",0,"Roaring Fork Structures\Nodes upstream of Glenwood gage",NA,NA,NA
113,"Point","https://dwr.state.co.us/Tools/Structures/3802048",3802048,"Minimum Flow","MIN FLOW WOODY CREEK",356497,4343172,"3802048","MIN FLOW WOODY CREEK","3802048",0,"Roaring Fork Structures\Nodes upstream of Glenwood gage",NA,NA,NA
114,"Point","https://dwr.state.co.us/Tools/Structures/3802050",3802050,"Minimum Flow","MIN FLOW ROARING FORK 1",364338,4333738,"3802050","MIN FLOW ROARING FORK 1","3802050",0,"Roaring Fork Structures\Nodes upstream of Glenwood gage",NA,NA,NA
115,"Point","https://dwr.state.co.us/Tools/Structures/3802077",3802077,"Minimum Flow","MIN FLOW FRYINGPAN R LOW",343031,4358594,"3802077","MIN FLOW FRYINGPAN R LOW","3802077",0,"Roaring Fork Structures\Nodes upstream of Glenwood gage",NA,NA,NA
116,"Point","https://dwr.state.co.us/Tools/Structures/3802080",3802080,"Minimum Flow","MIN FLOW CATTLE CREEK",310748,4370140,"3802080","MIN FLOW CATTLE CREEK","3802080",0,"Roaring Fork Structures\Nodes upstream of Glenwood gage",NA,NA,NA
117,"Point","https://dwr.state.co.us/Tools/Structures/3802114",3802114,"Minimum Flow","MIN FLOW CRYSTAL R LOWER",307190,4346555,"3802114","MIN FLOW CRYSTAL R LOWER","3802114",0,"Roaring Fork Structures\Nodes upstream of Glenwood gage",NA,NA,NA
